<?xml version="1.0" encoding="UTF-8"?>
<!DOCTYPE mapper PUBLIC "-//mybatis.org//DTD Mapper 3.0//EN" "http://mybatis.org/dtd/mybatis-3-mapper.dtd">

<mapper namespace="com.dao.CaipinfenleiDao">

	<!-- 可根据自己的需求，是否要使用 -->
    <resultMap type="com.entity.CaipinfenleiEntity" id="caipinfenleiMap">
        <result property="caipinfenlei" column="caipinfenlei"/>
    </resultMap>

	<select id="selectListVO"
		resultType="com.entity.vo.CaipinfenleiVO" >
		SELECT * FROM caipinfenlei  caipinfenlei         
        <where> 1=1 ${ew.sqlSegment}</where>
	</select>
	
	<select id="selectVO"
		resultType="com.entity.vo.CaipinfenleiVO" >
		SELECT  caipinfenlei.* FROM caipinfenlei  caipinfenlei 	
 		<where> 1=1 ${ew.sqlSegment}</where>
	</select>

    <select id="selectListView"
		resultType="com.entity.view.CaipinfenleiView" >

		SELECT  caipinfenlei.* FROM caipinfenlei  caipinfenlei 	        
        <where> 1=1 ${ew.sqlSegment}</where>
	</select>
	
	<select id="selectView"
		resultType="com.entity.view.CaipinfenleiView" >
		SELECT * FROM caipinfenlei  caipinfenlei <where> 1=1 ${ew.sqlSegment}</where>
	</select>
	
</mapper>