<?xml version="1.0" encoding="UTF-8"?>
<!DOCTYPE mapper PUBLIC "-//mybatis.org//DTD Mapper 3.0//EN" "http://mybatis.org/dtd/mybatis-3-mapper.dtd">

<mapper namespace="com.dao.DingdanpeisongDao">

	<!-- 可根据自己的需求，是否要使用 -->
    <resultMap type="com.entity.DingdanpeisongEntity" id="dingdanpeisongMap">
        <result property="dingdanbianhao" column="dingdanbianhao"/>
        <result property="caipinmingcheng" column="caipinmingcheng"/>
        <result property="caipinfenlei" column="caipinfenlei"/>
        <result property="jiage" column="jiage"/>
        <result property="shuliang" column="shuliang"/>
        <result property="zongjine" column="zongjine"/>
        <result property="peisongshijian" column="peisongshijian"/>
        <result property="huiyuanzhanghao" column="huiyuanzhanghao"/>
        <result property="huiyuanxingming" column="huiyuanxingming"/>
        <result property="shoujihaoma" column="shoujihaoma"/>
        <result property="dizhi" column="dizhi"/>
        <result property="huiyuanzhekou" column="huiyuanzhekou"/>
    </resultMap>

	<select id="selectListVO"
		resultType="com.entity.vo.DingdanpeisongVO" >
		SELECT * FROM dingdanpeisong  dingdanpeisong         
        <where> 1=1 ${ew.sqlSegment}</where>
	</select>
	
	<select id="selectVO"
		resultType="com.entity.vo.DingdanpeisongVO" >
		SELECT  dingdanpeisong.* FROM dingdanpeisong  dingdanpeisong 	
 		<where> 1=1 ${ew.sqlSegment}</where>
	</select>

    <select id="selectListView"
		resultType="com.entity.view.DingdanpeisongView" >

		SELECT  dingdanpeisong.* FROM dingdanpeisong  dingdanpeisong 	        
        <where> 1=1 ${ew.sqlSegment}</where>
	</select>
	
	<select id="selectView"
		resultType="com.entity.view.DingdanpeisongView" >
		SELECT * FROM dingdanpeisong  dingdanpeisong <where> 1=1 ${ew.sqlSegment}</where>
	</select>
	
</mapper>