<?xml version="1.0" encoding="UTF-8"?>
<!DOCTYPE mapper PUBLIC "-//mybatis.org//DTD Mapper 3.0//EN" "http://mybatis.org/dtd/mybatis-3-mapper.dtd">

<mapper namespace="com.dao.HuiyuanDao">

	<!-- 可根据自己的需求，是否要使用 -->
    <resultMap type="com.entity.HuiyuanEntity" id="huiyuanMap">
        <result property="huiyuanzhanghao" column="huiyuanzhanghao"/>
        <result property="mima" column="mima"/>
        <result property="huiyuanxingming" column="huiyuanxingming"/>
        <result property="touxiang" column="touxiang"/>
        <result property="xingbie" column="xingbie"/>
        <result property="nianling" column="nianling"/>
        <result property="shoujihaoma" column="shoujihaoma"/>
        <result property="dizhi" column="dizhi"/>
        <result property="huiyuandengji" column="huiyuandengji"/>
        <result property="huiyuanzhekou" column="huiyuanzhekou"/>
    </resultMap>

	<select id="selectListVO"
		resultType="com.entity.vo.HuiyuanVO" >
		SELECT * FROM huiyuan  huiyuan         
        <where> 1=1 ${ew.sqlSegment}</where>
	</select>
	
	<select id="selectVO"
		resultType="com.entity.vo.HuiyuanVO" >
		SELECT  huiyuan.* FROM huiyuan  huiyuan 	
 		<where> 1=1 ${ew.sqlSegment}</where>
	</select>

    <select id="selectListView"
		resultType="com.entity.view.HuiyuanView" >

		SELECT  huiyuan.* FROM huiyuan  huiyuan 	        
        <where> 1=1 ${ew.sqlSegment}</where>
	</select>
	
	<select id="selectView"
		resultType="com.entity.view.HuiyuanView" >
		SELECT * FROM huiyuan  huiyuan <where> 1=1 ${ew.sqlSegment}</where>
	</select>
	
</mapper>